"marketName","action","usdcAmount","tokenAmount","tokenName","timestamp","hash"
"Bitcoin Up or Down - February 14, 10:30AM-10:45AM ET","Buy","5","12.32","Up","1771083591","0x7219f3482dafd06ecf16d74542beed1af09b8e33929c9b932b5090f9358964b9"
"Bitcoin Up or Down - February 14, 10:30AM-10:45AM ET","Buy","1.6238","4.9399","Up","1771083559","0x247edb21029f5cb7a06ce3488a1488bde122fa11da1ffd931fb5e45c2007bde6"
"Bitcoin Up or Down - February 14, 10:30AM-10:45AM ET","Buy","2.35","5","Up","1771083413","0x255a44246ffb633188a8ec9f4dde23bf9e24178e3826c9da2b719cc0c72b98cd"
"Bitcoin Up or Down - February 14, 10:15AM-10:30AM ET","Redeem","0","0","","1771083231","0x933264e240717f662cc05b97b9f80b84940f86489ff0c720fa6425ac38a0eb49"
"Bitcoin Up or Down - February 14, 5:45AM-6:00AM ET","Redeem","0","0","","1771082413","0xe32dc5dc33bb371364e0ff764bc437ccf544eb19a3124a7c9615731d42f5102e"
"Bitcoin Up or Down - February 14, 10:00AM-10:15AM ET","Redeem","0","0","","1771082413","0xe32dc5dc33bb371364e0ff764bc437ccf544eb19a3124a7c9615731d42f5102e"
"Bitcoin Up or Down - February 14, 9:45AM-10:00AM ET","Redeem","0","0","","1771082413","0xe32dc5dc33bb371364e0ff764bc437ccf544eb19a3124a7c9615731d42f5102e"
"Bitcoin Up or Down - February 14, 9:30AM-9:45AM ET","Redeem","0","0","","1771082413","0xe32dc5dc33bb371364e0ff764bc437ccf544eb19a3124a7c9615731d42f5102e"
"Bitcoin Up or Down - February 14, 10:15AM-10:30AM ET","Buy","4.999999","35.584884","Down","1771082409","0x68fbe88ca8f4efa0df84a10a95ba443b184b86c30e0551dfc777721c49995480"
"Bitcoin Up or Down - February 14, 10:15AM-10:30AM ET","Buy","0.85","4.9752","Down","1771082375","0x3cfca3f9ef50d3b4fe8125b7cc5f6e0ba4ecda07f9fd66939191c7a339be57cf"
"Bitcoin Up or Down - February 14, 10:00AM-10:15AM ET","Buy","4.999998","7.592805","Up","1771081497","0x232e39449a634166568f89315b55524884baaeb8d13872de7abc6317aeb234c6"
"Bitcoin Up or Down - February 14, 9:45AM-10:00AM ET","Buy","4.999998","6.6081639999999995","Down","1771080583","0x8dfb963b336e89cb7e71060018f1db11af6d1e8dfe4155a0f849e4762b23275e"
"Bitcoin Up or Down - February 14, 9:30AM-9:45AM ET","Buy","1.15","4.9608","Down","1771079611","0x945ddd98d3f2d89dc0e6024bf6d829786223e46177c1d019561d20ed0c5773d5"
"Bitcoin Up or Down - February 14, 5:45AM-6:00AM ET","Buy","0.75","4.9797","Down","1771066627","0x2225b0aab3fc5c85652e5bf25aa7117ec2d88404903096f7b4d114efebd6a9c6"
"Bitcoin Up or Down - February 14, 5:45AM-6:00AM ET","Buy","1.3","4.9538","Down","1771066253","0xe1c10376ca4c9088955659fd6690ead8f119d79358d12588132b8f5057c58db0"
"Bitcoin Up or Down - February 14, 12:15AM-12:30AM ET","Redeem","0","0","","1771062383","0x32674a481ef1d861d9075e76a8c97bf55d0ad90e140f1565bcfe7df17e11b511"
"Bitcoin Up or Down - February 14, 4:15AM-4:30AM ET","Redeem","0","0","","1771062383","0x32674a481ef1d861d9075e76a8c97bf55d0ad90e140f1565bcfe7df17e11b511"
"Bitcoin Up or Down - February 14, 2:15AM-2:30AM ET","Redeem","0","0","","1771062383","0x32674a481ef1d861d9075e76a8c97bf55d0ad90e140f1565bcfe7df17e11b511"
"Bitcoin Up or Down - February 14, 2:00AM-2:15AM ET","Redeem","0","0","","1771062383","0x32674a481ef1d861d9075e76a8c97bf55d0ad90e140f1565bcfe7df17e11b511"
"Bitcoin Up or Down - February 14, 1:30AM-1:45AM ET","Redeem","0","0","","1771062383","0x32674a481ef1d861d9075e76a8c97bf55d0ad90e140f1565bcfe7df17e11b511"
"Bitcoin Up or Down - February 13, 11:15PM-11:30PM ET","Redeem","0","0","","1771062383","0x32674a481ef1d861d9075e76a8c97bf55d0ad90e140f1565bcfe7df17e11b511"
"Bitcoin Up or Down - February 14, 1:00AM-1:15AM ET","Redeem","0","0","","1771062383","0x32674a481ef1d861d9075e76a8c97bf55d0ad90e140f1565bcfe7df17e11b511"
"Bitcoin Up or Down - February 14, 4:15AM-4:30AM ET","Buy","4.3","107.4604","Up","1771061259","0x9461a8d0115e293689fb89a53a15606efcf9dcb8c7438570d7609649769f0fb8"
"Bitcoin Up or Down - February 14, 4:15AM-4:30AM ET","Buy","0.2155","4.3076","Up","1771061225","0xcb1524bdf6cdb4a0a275515e786db5efdaa5bfc44164e77d44fc4acf7c68bc37"
"Bitcoin Up or Down - February 14, 2:15AM-2:30AM ET","Buy","4.989999","71.210213","Down","1771053989","0x39d67242962128cc707cf64b997e0e982379efc98a4531abb9a29efe3b6abbcb"
"Bitcoin Up or Down - February 14, 12:00AM-12:15AM ET","Redeem","5","5","","1771053987","0x1b7ddac27e1ccccd90f1f2f3bd21bc45deccafcf06ca453a3ae7eaeb9a677b68"
"Bitcoin Up or Down - February 14, 2:15AM-2:30AM ET","Buy","0.249","4.977200000000001","Down","1771053957","0xd65d302d8f5dc18f3ac42a7ede92e0a25103de0f0c530e71baab98fdbdc35348"
"Bitcoin Up or Down - February 14, 2:00AM-2:15AM ET","Buy","3.66","24.3009","Up","1771053199","0x1eaa9efd4108cc6c837af2885ff4363b7da49be376cbf97cf0ea5077d2f8cb37"
"Bitcoin Up or Down - February 14, 2:00AM-2:15AM ET","Buy","0.5124","3.6468000000000003","Up","1771053135","0xf1e49b44f5633f37e256e86db025c35d1312cd31939b1d29fcc2970dbd734cca"
"Bitcoin Up or Down - February 14, 1:30AM-1:45AM ET","Buy","3.359999","6.241321","Up","1771051307","0xef7eefd04d0c096910b0f2e1bec8b8114a7b66937ea3280ece722d48d1242232"
"Bitcoin Up or Down - February 14, 1:30AM-1:45AM ET","Buy","1.6128","3.3077","Up","1771051275","0x108eb19887d601e07b0bc6c00041c71de8c15632ed4bef2d15bbd328eddd205a"
"Bitcoin Up or Down - February 14, 1:00AM-1:15AM ET","Buy","1.8717","3.6128","Down","1771049275","0xefe296554010a16afac7391b37cc9cb646c19ffb5280b2e970f26b106e019a97"
"Bitcoin Up or Down - February 14, 12:15AM-12:30AM ET","Buy","4.82","481.9882","Down","1771047039","0xb272e9a4929fee4210b9c92d6bafc6ad49125522faa7182f5b2353f0ae1899cb"
"Bitcoin Up or Down - February 14, 12:15AM-12:30AM ET","Buy","0.8658","4.7839","Down","1771046975","0x130a0204dd799c6adbfce4c0853c7a921d0b27e3651879f40640005c0efe6bf5"
"Bitcoin Up or Down - February 14, 12:00AM-12:15AM ET","Buy","4.3","5","Up","1771045745","0x1ea5e53800f49ce59888b3fb30d38a16d68fe401c27a88df522ce843b7d5bae9"
"Bitcoin Up or Down - February 13, 11:15PM-11:30PM ET","Buy","2.2","4.9242","Down","1771042673","0xa40b433b9bab05a829597dca897bccd7118081af4dea1a0e934dadc8082eb0eb"
"Bitcoin Up or Down - February 13, 9:30PM-9:45PM ET","Redeem","0","0","","1771041057","0xf4d125131b3899835098dfb722454db3050685c8a383cd3c92c9c97b264bec79"
"Bitcoin Up or Down - February 13, 10:15PM-10:30PM ET","Redeem","0","0","","1771041057","0xf4d125131b3899835098dfb722454db3050685c8a383cd3c92c9c97b264bec79"
"Bitcoin Up or Down - February 13, 10:30PM-10:45PM ET","Redeem","0","0","","1771041031","0x69003c92173db0cf9db3258d47036cecf8d088c053c8e3d75fae598093969769"
"Bitcoin Up or Down - February 13, 10:30PM-10:45PM ET","Redeem","5","5","","1771041017","0xf80c2749a19a530def716d9523d7f8ab2a40cc9baaab1e5316098173110cc30c"
"Bitcoin Up or Down - February 13, 10:30PM-10:45PM ET","Buy","5","499.9878","Down","1771040723","0x47f2d83b29018bf20a961616d9094a36b66c38d57478dc65d22104a1554a8703"
"Bitcoin Up or Down - February 13, 10:30PM-10:45PM ET","Buy","1.1","4.9632","Down","1771040657","0xccba8b12e75a25ca90f3887af6ed46b27bd389e84f9a5c0381d3190528d631f5"
"Bitcoin Up or Down - February 13, 10:30PM-10:45PM ET","Buy","3.3","5","Up","1771040151","0x8080d86c9865efe5bc1d9e10dcbe774798b08039336d88c8899188345dfea437"
"Bitcoin Up or Down - February 13, 10:15PM-10:30PM ET","Buy","4.999998","5.994194","Down","1771039555","0xc66f55814b12c63069f9cb509177e5fbc9e242b78bf5edea4c7bd18e5e2d930f"
"Bitcoin Up or Down - February 13, 9:45PM-10:00PM ET","Redeem","5.1016","5.1016","","1771039347","0xc998abd7e0706ad83f7db81821a035b63982d01228b88034f9f86c5c17820635"
"Bitcoin Up or Down - February 13, 9:45PM-10:00PM ET","Buy","4.99996","5.1016","Down","1771038001","0xf7406ae1fe03592f928774d1c1dbc0f4bb1cc3c3d4f0a18490b6c14687e73925"
"Bitcoin Up or Down - February 13, 9:30PM-9:45PM ET","Buy","1.7","5","Down","1771036805","0x86a6e4631aaf254744d5820f9bff9493b5c1c802bdf37c98ea4eca012a6d303e"
"Bitcoin Up or Down - February 13, 8:45PM-9:00PM ET","Redeem","9.4798","9.4798","","1771034687","0x1789e3413cb017673b71ea9107246200235cb877d3ae52e6ddaabba0171e0865"
"Bitcoin Up or Down - February 13, 8:45PM-9:00PM ET","Buy","2.2687","4.5578","Down","1771034019","0x5765e3351d59276f3b369c1409a43e0847a03ca969f5aa0964b54110e33dd41d"
"Bitcoin Up or Down - February 13, 8:45PM-9:00PM ET","Buy","2.45","4.922","Down","1771033923","0x65bc8571ae38df5e0a0a8d0e4530bbf2134d13f664f24e9dd428c2a2901ebde6"
"Bitcoin Up or Down - February 13, 8:00PM-8:15PM ET","Redeem","42.143262","42.143262","","1771032021","0x3dc78a46f663ec92f85e24d9a97ca6bdcd68981ccf0dbf88a86f785d11503996"
"Bitcoin Up or Down - February 13, 8:00PM-8:15PM ET","Buy","0.2667","3.806","Up","1771031581","0x16031a790e980b3dd7574367d9c94d05c260e1c7a8fd3e84a0170603414947e8"
"Bitcoin Up or Down - February 13, 8:00PM-8:15PM ET","Buy","3.809999","34.553461999999996","Up","1771031555","0xa432ad04208a9f72685ff900c5ef9dd5eba73deec9e43be8c93f73d39249cad4"
"Bitcoin Up or Down - February 13, 8:00PM-8:15PM ET","Buy","0.8001","3.7838000000000003","Up","1771031521","0x25a039d984ccc8fbe2ea7d7d18cf6e2e06675fce04b0fb774f28d39526d287eb"
"Bitcoin Up or Down - February 13, 7:45PM-8:00PM ET","Redeem","0","0","","1771031065","0xb96cc6d2e154aea830038547be1c8e04eda8acae97e84e053c21cbde488ba57a"
"Bitcoin Up or Down - February 13, 7:45PM-8:00PM ET","Redeem","0","0","","1771031051","0x0c8117c047d964be1d4a16e066886cb9a3367ff018be06a6f3b085c27096cbd4"
"Bitcoin Up or Down - February 13, 7:45PM-8:00PM ET","Buy","0.6992","3.6583","Down","1771030707","0xc46c892372533ca4d7886c721ea3a1af6ab429e398c9aedd6c3108af72ff427e"
"Bitcoin Up or Down - February 13, 3:00PM-3:15PM ET","Redeem","0","0","","1771030461","0x4761848a39f9cb3124d9818bb55b8019d9ec7bfd8b5e1457daebf82fe6990fb1"
"Bitcoin Up or Down - February 13, 7:00PM-7:15PM ET","Redeem","0","0","","1771030461","0x60f6e3d9d6a334ef422e8ec45a755a717cf5467b4875605254e944d1fe333197"
"Bitcoin Up or Down - February 13, 5:45PM-6:00PM ET","Redeem","0","0","","1771030461","0x60f6e3d9d6a334ef422e8ec45a755a717cf5467b4875605254e944d1fe333197"
"Bitcoin Up or Down - February 13, 4:45PM-5:00PM ET","Redeem","0","0","","1771030461","0x60f6e3d9d6a334ef422e8ec45a755a717cf5467b4875605254e944d1fe333197"
"Bitcoin Up or Down - February 13, 4:00PM-4:15PM ET","Redeem","0","0","","1771030461","0x60f6e3d9d6a334ef422e8ec45a755a717cf5467b4875605254e944d1fe333197"
"Bitcoin Up or Down - February 13, 10:45AM-11:00AM ET","Redeem","0","0","","1771030461","0x60f6e3d9d6a334ef422e8ec45a755a717cf5467b4875605254e944d1fe333197"
"Bitcoin Up or Down - February 13, 11:30AM-11:45AM ET","Redeem","0","0","","1771030461","0x4761848a39f9cb3124d9818bb55b8019d9ec7bfd8b5e1457daebf82fe6990fb1"
"Bitcoin Up or Down - February 13, 1:45PM-2:00PM ET","Redeem","0","0","","1771030461","0x4761848a39f9cb3124d9818bb55b8019d9ec7bfd8b5e1457daebf82fe6990fb1"
"Bitcoin Up or Down - February 13, 5:00PM-5:15PM ET","Redeem","0","0","","1771030461","0x4761848a39f9cb3124d9818bb55b8019d9ec7bfd8b5e1457daebf82fe6990fb1"
"Bitcoin Up or Down - February 13, 7:30PM-7:45PM ET","Redeem","0","0","","1771030461","0x4761848a39f9cb3124d9818bb55b8019d9ec7bfd8b5e1457daebf82fe6990fb1"
"Bitcoin Up or Down - February 13, 3:45PM-4:00PM ET","Redeem","0","0","","1771030461","0x4761848a39f9cb3124d9818bb55b8019d9ec7bfd8b5e1457daebf82fe6990fb1"
"Bitcoin Up or Down - February 13, 12:45PM-1:00PM ET","Redeem","0","0","","1771030461","0x4761848a39f9cb3124d9818bb55b8019d9ec7bfd8b5e1457daebf82fe6990fb1"
"Bitcoin Up or Down - February 13, 5:15PM-5:30PM ET","Redeem","0","0","","1771030461","0x4761848a39f9cb3124d9818bb55b8019d9ec7bfd8b5e1457daebf82fe6990fb1"
"Bitcoin Up or Down - February 13, 1:30PM-1:45PM ET","Redeem","0","0","","1771030461","0x4761848a39f9cb3124d9818bb55b8019d9ec7bfd8b5e1457daebf82fe6990fb1"
"Bitcoin Up or Down - February 13, 6:45PM-7:00PM ET","Redeem","0","0","","1771030461","0x4761848a39f9cb3124d9818bb55b8019d9ec7bfd8b5e1457daebf82fe6990fb1"
"Bitcoin Up or Down - February 13, 7:45PM-8:00PM ET","Buy","1.248633","2.935897","Down","1771030297","0xeee59793f94372ae3a158fb5fa76be820e6884aba9222c0b4cc44aaeb29e38d9"
"Bitcoin Up or Down - February 13, 2:00PM-2:15PM ET","Redeem","4.9608","4.9608","","1771029997","0x36c9ee0a5a3ea5181d85338be6af8e8dc500322c96a757f03136a75bb03ff353"
"Bitcoin Up or Down - February 13, 2:45PM-3:00PM ET","Redeem","4.9585","4.9585","","1771029997","0x36c9ee0a5a3ea5181d85338be6af8e8dc500322c96a757f03136a75bb03ff353"
"Bitcoin Up or Down - February 13, 3:30PM-3:45PM ET","Redeem","4.9337","4.9337","","1771029997","0x36c9ee0a5a3ea5181d85338be6af8e8dc500322c96a757f03136a75bb03ff353"
"Bitcoin Up or Down - February 13, 2:30PM-2:45PM ET","Redeem","4.9259","4.9259","","1771029997","0x36c9ee0a5a3ea5181d85338be6af8e8dc500322c96a757f03136a75bb03ff353"
"Bitcoin Up or Down - February 13, 3:15PM-3:30PM ET","Redeem","5","5","","1771029997","0x36c9ee0a5a3ea5181d85338be6af8e8dc500322c96a757f03136a75bb03ff353"
"Bitcoin Up or Down - February 13, 5:30PM-5:45PM ET","Redeem","3.127","3.127","","1771029997","0x36c9ee0a5a3ea5181d85338be6af8e8dc500322c96a757f03136a75bb03ff353"
"Bitcoin Up or Down - February 13, 7:30PM-7:45PM ET","Buy","2.33","232.9943","Down","1771029921","0xb0a906ca8bd2b841840d77fb4ab94787bd3cbf86fda53b8fad1aa1c28fd8f8c7"
"Bitcoin Up or Down - February 13, 7:30PM-7:45PM ET","Buy","0.0464","2.3198","Down","1771029887","0xfb59f274817ccb9f23adfe202b31e2acdbdeaa4d0606fd1dd1b698fb2c43a02a"
"Bitcoin Up or Down - February 13, 7:30PM-7:45PM ET","Buy","0.9468","2.5951","Down","1771029465","0x7d3de799d531a867c235c6b6c5574b308dbd7d7e1ffd724b983064c5c77bf1d9"
"Maker rebate","Maker Rebate","0.0437","0.0437","USDC","1771027621","0xdb0c543ef24ab37a59aff1dd44780b2c7f97e2f143e9a411843b61d22b009bd3"
"Bitcoin Up or Down - February 13, 7:00PM-7:15PM ET","Buy","1.1696","2.6792000000000002","Down","1771027581","0x7b77a0e5098ab11ba7d2f00e5d83aa1dffb4ade8ae270489bf02746e0eaca6b5"
"Bitcoin Up or Down - February 13, 6:45PM-7:00PM ET","Buy","1.939999","4.342188999999999","Down","1771026921","0x1679f32ed23a1e56da3843e6de5cc801909d130f8ebba2078c79bbebff393516"
"Bitcoin Up or Down - February 13, 6:45PM-7:00PM ET","Buy","0.6014","1.9179","Down","1771026887","0xaf2799a389694aed27dac5a9bce386ebc3f441564d83b2d38adf36e4e3ee9d81"
"Bitcoin Up or Down - February 13, 6:45PM-7:00PM ET","Buy","0.8649","2.7581","Down","1771026719","0x319f2b731e8e846e273f0286f366c011b66bda148d7616235a9883d9c1ed41d1"
"Bitcoin Up or Down - February 13, 5:45PM-6:00PM ET","Buy","1.4168","3.0325","Down","1771023031","0xa2a89b43aa200c05edbbedc67430ccc4092997e75c2ebe192269011b56a63a87"
"Bitcoin Up or Down - February 13, 5:30PM-5:45PM ET","Buy","1.1729","3.127","Up","1771022117","0xb6c52e2907de94ed90149dcacd343b86da29d46f9c4ec9d5184325ed304972b4"
"Bitcoin Up or Down - February 13, 5:15PM-5:30PM ET","Buy","4.86","16.0214","Down","1771021277","0x8f12125d1685d768674f52339eef50764ba08c399a07e1c66ad823e6a8c3b766"
"Bitcoin Up or Down - February 13, 5:15PM-5:30PM ET","Buy","1.5066","4.8045","Down","1771021213","0x9c29300395d7ae6c261d1cf365c8fd370531aaa43115f9ae4c23951dac34e717"
"Bitcoin Up or Down - February 13, 5:00PM-5:15PM ET","Buy","3.9","5","Up","1771020755","0xae528cce23a056c925c4052d69ffbbafc1dbccd1eb405e74b11aeda6218459bf"
"Bitcoin Up or Down - February 13, 4:45PM-5:00PM ET","Buy","1.2896","3.9823000000000004","Up","1771019445","0x05c2132983d5902e5a2b8f30943632e9211dd8da0c7ad222556bab2dedfd429e"
"Bitcoin Up or Down - February 13, 4:00PM-4:15PM ET","Buy","1.577","4.0925","Down","1771016629","0xe0fa20ec54072598044918e02596f53f15daea0257cad34d11314a0031d8b937"
"Bitcoin Up or Down - February 13, 3:45PM-4:00PM ET","Buy","1.35","4.9515","Up","1771016099","0x91e7abb215c56c9d8c8755ae6ab41fcdd950efa463094e3072f7eff3ee4ea5c1"
"Bitcoin Up or Down - February 13, 3:45PM-4:00PM ET","Buy","1.334","2.8552999999999997","Up","1771015755","0x38fc76b95ca6d13a3977373f2b41019491e34cdfc1fef852abc89970d9f8e86c"
"Bitcoin Up or Down - February 13, 3:30PM-3:45PM ET","Buy","3.2","4.9337","Up","1771014885","0x54ac29d741f0dfc4280f5abce7e98dff2246873f30184cf30fa54083f9a643dd"
"Bitcoin Up or Down - February 13, 3:30PM-3:45PM ET","Buy","1.596708","4.6508840000000005","Down","1771014863","0xe71c2caacc924b2596d25e79f0409b73d4b2e9ce6c43457113fd31a0a61fd969"
"Bitcoin Up or Down - February 13, 3:15PM-3:30PM ET","Buy","2.9","5","Up","1771014455","0xb44d935f358ace838dab9dd3b5af55b5273761ef7ba9c1780c7da60973e7e8c6"
"Bitcoin Up or Down - February 13, 3:15PM-3:30PM ET","Buy","1.407","3.3004000000000002","Down","1771014033","0x19495bf2ca982cbf137cba16bd3e0c3386d4fce05fba994884189ee3c9a0424c"
"Bitcoin Up or Down - February 13, 3:00PM-3:15PM ET","Buy","2.2","4.9242","Up","1771013541","0x1aa2acdc77b8ac99fc7a0cd6683f5cab05a94e6e66b2629b3afb6bd369cddd65"
"Bitcoin Up or Down - February 13, 3:00PM-3:15PM ET","Buy","1.95","4.9293","Up","1771013539","0x76ac4eca3f458f0e3ec90871f971f4fabdf5214dba6b03ad8e04a3a5b5fd2aab"
"Bitcoin Up or Down - February 13, 3:00PM-3:15PM ET","Buy","2.4","4.9222","Up","1771013039","0x432786436dac006e5d93c612d947649027a6dc16ca076cecbe6d5c8c82b2d413"
"Bitcoin Up or Down - February 13, 2:45PM-3:00PM ET","Buy","3.8","5","Up","1771012525","0x7a0dc523a57d7afcba03b53db7e8b725df2c5ab4c7c7b6b432f88bb49a5cafec"
"Bitcoin Up or Down - February 13, 2:45PM-3:00PM ET","Buy","1.2","4.9585","Down","1771012315","0x40fc4a18e31a3f727c843c755f1f97e6ed9f93e0477dfa80bd175f08475802df"
"Bitcoin Up or Down - February 13, 2:30PM-2:45PM ET","Buy","2.1","4.9259","Down","1771011353","0x77509373dd86b5f7739e2a88d67e10063d1bcbe8d3ca6f773ae276db836f54de"
"Bitcoin Up or Down - February 13, 2:00PM-2:15PM ET","Buy","1.15","4.9608","Up","1771009425","0x57704fd16b1edbfb7f4872ee1a0c00e037f3a97fc5d164bbe14e59eb013441d8"
"Bitcoin Up or Down - February 13, 1:45PM-2:00PM ET","Buy","2.6","4.9222","Up","1771008851","0xc2d0c0ea0fbcb29e195bdb1678d777ba3911d5a432a26cb688c75b771467d2b7"
"Bitcoin Up or Down - February 13, 1:45PM-2:00PM ET","Buy","4.999999","12.975393","Up","1771008699","0x13d11807179a0157a8e863c5082391464d79bd8612a2e5446e27855c9b637e7a"
"Bitcoin Up or Down - February 13, 1:45PM-2:00PM ET","Buy","1.399462","4.949298","Up","1771008635","0x58c162f0d3232cb20f04b0233c23cdbe29764fea3b9c576a49dcf003e0b35941"
"Bitcoin Up or Down - February 13, 1:15PM-1:30PM ET","Redeem","4.997306","4.997306","","1771008291","0x353b4c7c6f3c8a5e7f33efe1ffabed444ae840c9f809788aa286c2e9c17b9737"
"Bitcoin Up or Down - February 13, 1:00PM-1:15PM ET","Redeem","5","5","","1771008291","0x353b4c7c6f3c8a5e7f33efe1ffabed444ae840c9f809788aa286c2e9c17b9737"
"Bitcoin Up or Down - February 13, 1:30PM-1:45PM ET","Buy","0.2","4.9982","Down","1771008135","0x74e0a5e64e07c0e9360fbe44f6c5b33612429248ab90bf1fbd0b19637e0cd857"
"Bitcoin Up or Down - February 13, 1:30PM-1:45PM ET","Buy","0.3078","3.4143","Down","1771007975","0x217b07dbfb4638b00541880c21b986b38ebc71769f5fdbefe6ac0e56047e44fe"
"Bitcoin Up or Down - February 13, 1:15PM-1:30PM ET","Buy","0.8256","1.72","Up","1771006765","0x9590029ac24893fa0efa87854f5abb4e79eece4de3ce84f1e22738e9e11f0676"
"Bitcoin Up or Down - February 13, 1:15PM-1:30PM ET","Buy","1.573107","3.277306","Up","1771006765","0xef0414589ad8c46e8ca9393d0a5824d0e663ac56903f60bbf29949e4dc294c1e"
"Bitcoin Up or Down - February 13, 12:30PM-12:45PM ET","Redeem","5.0504","5.0504","","1771006611","0xc106d0f36d7a83c64b02d85c14fa580c9115c653bf128f54d29fb88871355497"
"Bitcoin Up or Down - February 13, 1:00PM-1:15PM ET","Buy","2.9","5","Down","1771005893","0x85aa21c74910613641b800f86cbabd7c253e156a1d872c6441d261e8cd73bd4b"
"Bitcoin Up or Down - February 13, 12:45PM-1:00PM ET","Buy","1.1","4.9632","Up","1771005327","0xf57ecab95d8000b61f27dda109c9a811941db82ca6779050626a044160fc5666"
"Bitcoin Up or Down - February 13, 12:45PM-1:00PM ET","Buy","4.999999","15.315873999999999","Up","1771005259","0x071861c5dfc5742ffe2d4db820344f8a49782b111b572a2fc88aa9dcd750c2d5"
"Bitcoin Up or Down - February 13, 12:45PM-1:00PM ET","Buy","1.9","4.9307","Up","1771005193","0xffbf9e70d6b428e3c216e95155c9786bce7c4a0943dca57c42deb2b940881f28"
"Bitcoin Up or Down - February 13, 12:45PM-1:00PM ET","Buy","2.2","4.9242","Up","1771004989","0x8bf63c8e31ff885c0e8114a9aafe4bf1e4bf5f8e240b6dc291549398e3fc8065"
"Bitcoin Up or Down - February 13, 12:15PM-12:30PM ET","Redeem","12.592805","12.592805","","1771004639","0xa1336c0f2ffd14cc19e9d71aae579395f4cce8419fae462c6714a4449038b2b1"
"Bitcoin Up or Down - February 13, 12:30PM-12:45PM ET","Buy","4.999995","5.050400000000001","Up","1771004575","0x63e4212d9afb279a0be236b80bb90c79e09999a810891f3b4dab0f1c32fbc0f3"
"Bitcoin Up or Down - February 13, 12:00PM-12:15PM ET","Redeem","9.9871","9.9871","","1771003683","0xcc6f14c93e3539bc0fd69b82c90295c8958d3e2690c4e1fd44b3381f7c3cb792"
"Bitcoin Up or Down - February 13, 12:15PM-12:30PM ET","Buy","1.8","5","Up","1771003531","0x3c400d099cd63fba80203afac908fa18fb3b58cb912686d94973a8ee06ef5f29"
"Bitcoin Up or Down - February 13, 12:15PM-12:30PM ET","Buy","4.999998","7.592805","Up","1771003341","0x9d56907fa2600c07f7aeb6124771ffa10922d9650c92a71c67b47ec7d506f0f5"
"Bitcoin Up or Down - February 13, 12:00PM-12:15PM ET","Buy","0.15","4.999","Up","1771002871","0x7f63c5de4d3faa74959eccaacad4c71071c8854d6e281d03f24bd74c849def6b"
"Bitcoin Up or Down - February 13, 12:00PM-12:15PM ET","Buy","0.55","4.9881","Up","1771002569","0xda6181467d9499e51d5880d6cc6f32e398b24f079ce6a30c248c63d27cc07f6d"
"Bitcoin Up or Down - February 13, 11:15AM-11:30AM ET","Redeem","9.8997","9.8997","","1771001349","0x23261544da660597134f940f7fa9cf55d42a61c28b8a75ca010c35989eb6efd0"
"Bitcoin Up or Down - February 13, 11:30AM-11:45AM ET","Buy","3.829999","15.825632","Down","1771000691","0x4aed18a96e74248745a86b2e08344069876594c46274db154a7b7709951111c1"
"Bitcoin Up or Down - February 13, 11:30AM-11:45AM ET","Buy","0.8426","3.8019000000000003","Down","1771000657","0x01ece75fe1bbc13eba5dcda7a0a3042352fa07dafab62651f39e19b351f9aacf"
"Bitcoin Up or Down - February 13, 11:15AM-11:30AM ET","Buy","1.15","4.9608","Up","1770999787","0xcc0a3a3aa248204143ec84e7a3adedc0267f3aa080c45b5ea5e5b0de32088f95"
"Bitcoin Up or Down - February 13, 11:15AM-11:30AM ET","Buy","1.65","4.9389","Up","1770999645","0x98528db6a8575e228d5868d3af3079bd1c315cb89fdcf791d3a20e7f0aaa6e06"
"Bitcoin Up or Down - February 13, 10:45AM-11:00AM ET","Buy","1.8","4.9337","Up","1770997897","0xe2c6fe6245345e8b0a9c9678a43a2f7eb5a29940fc9b9e3e1afb46ccd876ccc6"
"Bitcoin Up or Down - February 12, 11:00AM-11:15AM ET","Redeem","0","0","","1770952101","0x121653db22cfe4a6ea17aedbc9c956bd6edec99b1c838b848c103ce16147709f"
"Bitcoin Up or Down - February 10, 1:15PM-1:30PM ET","Redeem","0","0","","1770952101","0x121653db22cfe4a6ea17aedbc9c956bd6edec99b1c838b848c103ce16147709f"
"Bitcoin Up or Down - February 12, 9:45AM-10:00AM ET","Redeem","0","0","","1770952101","0x121653db22cfe4a6ea17aedbc9c956bd6edec99b1c838b848c103ce16147709f"
"Bitcoin Up or Down - February 12, 1:15AM-1:30AM ET","Redeem","0","0","","1770952101","0x121653db22cfe4a6ea17aedbc9c956bd6edec99b1c838b848c103ce16147709f"
"Bitcoin Up or Down - February 10, 8:30PM-8:45PM ET","Redeem","0","0","","1770952101","0x121653db22cfe4a6ea17aedbc9c956bd6edec99b1c838b848c103ce16147709f"
"Bitcoin Up or Down - February 11, 10:00AM-10:15AM ET","Redeem","0","0","","1770952101","0x98b04330a4ebc4c8c0e16189269cdf11596a0f757f4cc16bcc847478d3be60dc"
"Bitcoin Up or Down - February 11, 1:45AM-2:00AM ET","Redeem","0","0","","1770952101","0x98b04330a4ebc4c8c0e16189269cdf11596a0f757f4cc16bcc847478d3be60dc"
"Bitcoin Up or Down - February 12, 4:00AM-4:15AM ET","Redeem","0","0","","1770952101","0x121653db22cfe4a6ea17aedbc9c956bd6edec99b1c838b848c103ce16147709f"
"Bitcoin Up or Down - February 11, 9:45AM-10:00AM ET","Redeem","0","0","","1770952101","0x98b04330a4ebc4c8c0e16189269cdf11596a0f757f4cc16bcc847478d3be60dc"
"Bitcoin Up or Down - February 11, 1:30AM-1:45AM ET","Redeem","0","0","","1770952101","0x98b04330a4ebc4c8c0e16189269cdf11596a0f757f4cc16bcc847478d3be60dc"
"Bitcoin Up or Down - February 12, 5:15AM-5:30AM ET","Redeem","0","0","","1770952101","0x121653db22cfe4a6ea17aedbc9c956bd6edec99b1c838b848c103ce16147709f"
"Bitcoin Up or Down - February 9, 11:00AM-11:15AM ET","Redeem","0","0","","1770952101","0x98b04330a4ebc4c8c0e16189269cdf11596a0f757f4cc16bcc847478d3be60dc"
"Bitcoin Up or Down - February 12, 5:15PM-5:30PM ET","Redeem","0","0","","1770952101","0x121653db22cfe4a6ea17aedbc9c956bd6edec99b1c838b848c103ce16147709f"
"Bitcoin Up or Down - February 12, 2:45AM-3:00AM ET","Redeem","0","0","","1770952101","0x121653db22cfe4a6ea17aedbc9c956bd6edec99b1c838b848c103ce16147709f"
"Bitcoin Up or Down - February 12, 8:00AM-8:15AM ET","Redeem","0","0","","1770952101","0x121653db22cfe4a6ea17aedbc9c956bd6edec99b1c838b848c103ce16147709f"
"Bitcoin Up or Down - February 10, 9:15PM-9:30PM ET","Redeem","0","0","","1770952099","0x0bfcf67403d29f7d4ff8adb5af33ebcefdbf450c1b2ad08db80cf8e753a30aa5"
"Bitcoin Up or Down - February 10, 8:45PM-9:00PM ET","Redeem","0","0","","1770952099","0x0bfcf67403d29f7d4ff8adb5af33ebcefdbf450c1b2ad08db80cf8e753a30aa5"
"Bitcoin Up or Down - February 12, 9:15AM-9:30AM ET","Redeem","0","0","","1770952099","0x0bfcf67403d29f7d4ff8adb5af33ebcefdbf450c1b2ad08db80cf8e753a30aa5"
"Bitcoin Up or Down - February 10, 9:00PM-9:15PM ET","Redeem","0","0","","1770952099","0x0bfcf67403d29f7d4ff8adb5af33ebcefdbf450c1b2ad08db80cf8e753a30aa5"
"Bitcoin Up or Down - February 12, 2:00AM-2:15AM ET","Redeem","0","0","","1770952099","0x0bfcf67403d29f7d4ff8adb5af33ebcefdbf450c1b2ad08db80cf8e753a30aa5"
"Bitcoin Up or Down - February 11, 11:30AM-11:45AM ET","Redeem","0","0","","1770952099","0x0bfcf67403d29f7d4ff8adb5af33ebcefdbf450c1b2ad08db80cf8e753a30aa5"
"Bitcoin Up or Down - February 12, 7:00PM-7:15PM ET","Redeem","0","0","","1770952099","0x0bfcf67403d29f7d4ff8adb5af33ebcefdbf450c1b2ad08db80cf8e753a30aa5"
"Bitcoin Up or Down - February 12, 8:30AM-8:45AM ET","Redeem","0","0","","1770952099","0x0bfcf67403d29f7d4ff8adb5af33ebcefdbf450c1b2ad08db80cf8e753a30aa5"
"Bitcoin Up or Down - February 11, 1:30PM-1:45PM ET","Redeem","0","0","","1770952099","0x0bfcf67403d29f7d4ff8adb5af33ebcefdbf450c1b2ad08db80cf8e753a30aa5"
"Bitcoin Up or Down - February 12, 3:45AM-4:00AM ET","Redeem","0","0","","1770952099","0x0bfcf67403d29f7d4ff8adb5af33ebcefdbf450c1b2ad08db80cf8e753a30aa5"
"Bitcoin Up or Down - February 12, 7:00PM-7:15PM ET","Redeem","0","0","","1770952097","0xb34f80bf21d3355aa198d11144208b0870a41af41a46129799f02786fac22801"
"Bitcoin Up or Down - February 12, 8:15PM-8:30PM ET","Redeem","15.944631","15.944631","","1770950565","0x5dbc07abac558c7eb36dd5eb045f11d58c5b3326825f05606331eb80fa0a59f8"
"Bitcoin Up or Down - February 12, 8:15PM-8:30PM ET","Buy","4.999999","15.944631000000001","Down","1770946163","0x634bf3eb1090e06e128d76f4f7f3e5b2cac948a766a6bd29c7609a198752839c"
"Bitcoin Up or Down - February 12, 7:00PM-7:15PM ET","Buy","4.999999","45.345644","Down","1770941291","0x50e97a1f27ff1ef13d3132cf1b23fdbaf32f07bd48c631d685dbe36d27c35c19"
"Bitcoin Up or Down - February 12, 5:15PM-5:30PM ET","Buy","4.999998","6.6081639999999995","Down","1770935223","0x1766445960db336c85a52eee4e38de38028f452340cca78f98e03eb6172ab573"
"Bitcoin Up or Down - February 12, 11:45AM-12:00PM ET","Redeem","5.490493","5.490493","","1770916729","0x18414573887928d71414e88f7e74aa47a74c31d61254a1e1330eb3263d30ece4"
"Bitcoin Up or Down - February 12, 11:45AM-12:00PM ET","Buy","3.939998","5.490493","Down","1770914983","0xde0707d5d1d3b2292a6d8f8eff776c4c3e2f966e25a44658ffb8f08256cb74d3"
"Bitcoin Up or Down - February 12, 11:00AM-11:15AM ET","Buy","4.999998","7.828705","Up","1770912303","0xfafcd3fbddbaaa23729736e905e2e8f6202e396f8784d290247c2b83473f4c61"
"Bitcoin Up or Down - February 12, 10:30AM-10:45AM ET","Redeem","7.26594","7.26594","","1770911545","0x01ad8e95708763af2565f0831f312956382488f04074cded43f714d1dbf14fbc"
"Bitcoin Up or Down - February 12, 10:30AM-10:45AM ET","Buy","4.999999","7.2659400000000005","Down","1770910389","0x237e3374dafd9e3410cede59f791ff580c6f9f138fd973fc889e9906020bf931"
"Bitcoin Up or Down - February 12, 9:45AM-10:00AM ET","Buy","4.999999","8.951708","Up","1770907743","0x04447144174f767b2faaa2d99df3ee6f6c4a3bc5e46eaef5b2d30b7570f7ddc6"
"Bitcoin Up or Down - February 12, 8:45AM-9:00AM ET","Redeem","0","0","","1770907127","0x0205b31069a6ef914d9a1233cef5e4251c4ef5e86f6448370744ae4a5f693875"
"Bitcoin Up or Down - February 12, 9:15AM-9:30AM ET","Buy","5","24.84","Up","1770906577","0xd5e722349670753f4a0e9ccdd96d04095e1285fede72c4741b54da3f5c9ec419"
"Bitcoin Up or Down - February 12, 8:45AM-9:00AM ET","Redeem","15.4401","15.4401","","1770906057","0x19b9979f3781a6469f4f25a4e0f1298a9840c68c7e4ad97fb5ac7572c92dbc79"
"Bitcoin Up or Down - February 12, 9:15AM-9:30AM ET","Buy","4.999999","11.191235","Up","1770906047","0xcb34e48689ba9a4bc68fff48cb8e7096f1aa0c7c93c6f82d274d672430ed9ffa"
"Bitcoin Up or Down - February 12, 8:45AM-9:00AM ET","Buy","5","15.4401","Up","1770904381","0xdf7f3d1abab2b21777847e78e91e7d50aedb4effbe458868430cf1361e29fada"
"Bitcoin Up or Down - February 12, 8:30AM-8:45AM ET","Buy","4.999999","83.267132","Down","1770903509","0xa6344808cc4b2a6661e09a18a47ad344424326fb55e264270dfd89c6cb19fedb"
"Bitcoin Up or Down - February 12, 8:00AM-8:15AM ET","Buy","4.999999","16.482964999999997","Up","1770901485","0xa55b11b7b05653bc060e98638872fb6e7969f8a9340ea6ca83679e48bd0d8e5a"
"Bitcoin Up or Down - February 12, 5:00AM-5:15AM ET","Redeem","10.473296","10.473296","","1770891701","0xa4b8afa62bd0b48a64bb32e74a0803d7569d5c8f5c33e9fc2ce32cff82a0ccc8"
"Bitcoin Up or Down - February 12, 5:15AM-5:30AM ET","Buy","4.999999","8.492887999999999","Down","1770891507","0xe87006d4fe60c948d8c5e53713f45de457c22d24a0281d6802b43691da7c978a"
"Bitcoin Up or Down - February 12, 5:00AM-5:15AM ET","Buy","4.999999","10.473296000000001","Down","1770890807","0x8111b38900e2aa5819ed40d5bea863a5af816b0bba3c34fec67e49d2204157d4"
"Bitcoin Up or Down - February 12, 4:00AM-4:15AM ET","Buy","4.999998","8.640227","Down","1770887013","0xaec5ec401c2107d7fc455742e3b7ca0135de4065c7a7628dd527b2a3ef68d325"
"Bitcoin Up or Down - February 12, 3:45AM-4:00AM ET","Buy","4.999999","166.631465","Down","1770886657","0x94f5f32ac8bbb7005fde98c9f976087aa779255610b98faddc7e863af94f01cc"
"Bitcoin Up or Down - February 12, 3:45AM-4:00AM ET","Buy","5","15.483849999999999","Down","1770886103","0x95d76ab49704230eef4bb7684c9e134851ef28af0b91d38700b6c995cde45729"
"Bitcoin Up or Down - February 12, 2:30AM-2:45AM ET","Redeem","0","0","","1770884347","0xc1709825d2b169307c0f50cb2d44f5aaf0cf972701676d0426528a82f0d77502"
"Bitcoin Up or Down - February 12, 3:00AM-3:15AM ET","Redeem","0","0","","1770884347","0xc1709825d2b169307c0f50cb2d44f5aaf0cf972701676d0426528a82f0d77502"
"Bitcoin Up or Down - February 12, 2:30AM-2:45AM ET","Redeem","7.163574","7.163574","","1770884327","0x0b927c7addb15af9b3e9d701431d5423d5e8054cf421e77b148fdcc9dca45f40"
"Bitcoin Up or Down - February 12, 3:00AM-3:15AM ET","Buy","4.999999","23.645722000000003","Down","1770883799","0xe848fe40aa4ca2aaa5c0ed25698e58245089c36e95d019ac43b3c3c970da8d31"
"Bitcoin Up or Down - February 12, 2:45AM-3:00AM ET","Buy","4.999999","13.330012","Down","1770882893","0x3ce11eed5480e1a0d7713c55aa3ded7c9bf9b1a8d1da92e189bb853fd3e645c4"
"Bitcoin Up or Down - February 12, 2:15AM-2:30AM ET","Redeem","5.206425","5.206425","","1770882031","0x2f19d0c41545b6dd47079989cc533cca207fc171eada7ac6e14b163129fac8f8"
"Bitcoin Up or Down - February 12, 2:30AM-2:45AM ET","Buy","4.999998","7.1635740000000006","Down","1770881993","0x8808ea25f1442477877788c81bc5c9900ad600ee729482507bb8f87e6038042b"
"Bitcoin Up or Down - February 12, 2:15AM-2:30AM ET","Buy","4.999992","5.206425","Up","1770881023","0xa81b4b8d27d012e951cd4066e1e8ad8580e6a093c6f9f516afa978957e15421f"
"Bitcoin Up or Down - February 12, 2:00AM-2:15AM ET","Buy","4.999999","38.276184","Up","1770880167","0xf1eab05fd27f1a31aea9798c4b99fb8c2dc835aa0dfc783face8f6bf3ce3476b"
"Bitcoin Up or Down - February 12, 1:30AM-1:45AM ET","Redeem","7.371484","7.371484","","1770879935","0xa36a7dbf2b1f465814826918e67089f4983782b873d6968b59fd8e11f46c1b75"
"Bitcoin Up or Down - February 12, 1:45AM-2:00AM ET","Redeem","5.666016","5.666016","","1770879935","0xa36a7dbf2b1f465814826918e67089f4983782b873d6968b59fd8e11f46c1b75"
"Bitcoin Up or Down - February 12, 1:45AM-2:00AM ET","Buy","4.999998","5.666016000000001","Down","1770879245","0x7fc1c7b3f3a4b3b450af52cb6662c0d498d0d984f64f4a6ce4d5c22e68948a7c"
"Bitcoin Up or Down - February 12, 1:30AM-1:45AM ET","Buy","4.999998","7.371484000000001","Down","1770878029","0x4ad0abde156c5b3f21272db473e8ce45b603bd82c084e04a20484e856df789da"
"Bitcoin Up or Down - February 12, 12:45AM-1:00AM ET","Redeem","8.08082","8.08082","","1770877375","0xa572b3a4b28f0dfa22c55154c6dd826a134b753390b23d8a7158ef697b90bcc8"
"Bitcoin Up or Down - February 12, 1:15AM-1:30AM ET","Buy","4.999999","10.94101","Down","1770877345","0xfb7f8ab2661c5222c03278d7bd50f310275a24a2dc1ddfacf9e8f8310b9d6629"
"Bitcoin Up or Down - February 12, 12:45AM-1:00AM ET","Buy","4.999999","8.08082","Up","1770875873","0x739d47de1e28bbaa2342f0d637f26676042c83d091d96d461f21d84a5dab527f"
"Maker rebate","Maker Rebate","0.1634","0.1634","USDC","1770854751","0x76c55f8396ed5326df1d06b8f899a843abf0eca22c983bd59894a6031a3010bb"
"Bitcoin Up or Down - February 11, 1:00PM-1:15PM ET","Redeem","8.492888","8.492888","","1770853635","0x12c3657dfa46cacca0de615c31496b42ba6ad0343b2f3f2cbbef2e23efac41d5"
"Bitcoin Up or Down - February 11, 1:30PM-1:45PM ET","Buy","5","499.9878","Down","1770835525","0xdafb4808294ffcd5efb94049b4a60b2e139b658dfa538418d094f7ab65b64939"
"Bitcoin Up or Down - February 11, 1:00PM-1:15PM ET","Buy","4.999999","8.492887999999999","Down","1770832999","0x6a5a97af97cca03785dc86980a78fb1c83ccef2cc4a2935be9c70182606820d4"
"Bitcoin Up or Down - February 11, 12:30PM-12:45PM ET","Redeem","12.639211","12.639211","","1770832167","0x0a9c8736c44d99463047af499de5116a10fdaeaf4e1f5e21996c48685e805b84"
"Bitcoin Up or Down - February 11, 12:30PM-12:45PM ET","Buy","5","499.9878","Up","1770831931","0xde3973e837bce6e630ae88a8a959f99359650290f4f061435a05c4c201d39206"
"Bitcoin Up or Down - February 11, 12:15PM-12:30PM ET","Redeem","5.015","5.015","","1770831249","0xa92239b74468f5ecca645b3404ff57f96a3acf7b0b52c8a77ec566fd00afd848"
"Bitcoin Up or Down - February 11, 12:30PM-12:45PM ET","Buy","4.999999","12.639211","Down","1770831219","0xa52f181ec64955e3ab73dca48c6ec23507c44a9c9d8c3de994fdc6497badad58"
"Bitcoin Up or Down - February 11, 12:15PM-12:30PM ET","Buy","4.999955","5.015","Up","1770830863","0x0cba0f26d522e89328a1a7a58f9890aeb91984bbd63163a7f4eef966c65fc1c6"
"Bitcoin Up or Down - February 11, 12:00PM-12:15PM ET","Redeem","5.858446","5.858446","","1770830585","0x84b700d41bdaf22f293c69e44911920033b291786de97c93504e0434c7b55a69"
"Bitcoin Up or Down - February 11, 12:00PM-12:15PM ET","Buy","4.999994","5.858446","Up","1770829793","0x6e41bae8cc142c2cab0cb1362b302679837fce1fb8ab0b22a84236e3b09e6f48"
"Bitcoin Up or Down - February 11, 11:45AM-12:00PM ET","Redeem","11.451745","11.451745","","1770829573","0xbbf12036b1ae350ab8564f1480ce0731783a042fd40577c28f548d5d78370f46"
"Bitcoin Up or Down - February 11, 11:45AM-12:00PM ET","Buy","2.976406","4.9275","Down","1770829117","0x0906a61800d52fa762ef5f52c9101c0efa8b8255a9a3c3c3180669fb6a90ef00"
"Bitcoin Up or Down - February 11, 11:45AM-12:00PM ET","Buy","4.999998","6.524245","Down","1770829081","0xcc0d88998c24ba2c02d500230f658221b179394580543c86143596533b65b831"
"Bitcoin Up or Down - February 11, 11:30AM-11:45AM ET","Buy","4.999999","38.338637","Up","1770828013","0x003229b37fe9da94f6e98cf95c7931b2c3ac008e400fde64c2381203eb062c9b"
"Bitcoin Up or Down - February 11, 11:30AM-11:45AM ET","Buy","2.8","5","Up","1770827709","0x3d4b8df9cb5f63238d99bb2302a9b5c2858ef29cc038fbebff7494f62ded17d1"
"Bitcoin Up or Down - February 11, 11:00AM-11:15AM ET","Redeem","9.116458","9.116458","","1770827161","0x5190086ee8bffcb23e27026ef9384ddce5498aad2f1b1d7be3afdfa58e81e093"
"Bitcoin Up or Down - February 11, 10:45AM-11:00AM ET","Redeem","10.665917","10.665917","","1770826541","0xb9bdec728aef749088b7fdf07f9dbe52c013f985aa33541eeb91dbac94597cf5"
"Bitcoin Up or Down - February 11, 11:00AM-11:15AM ET","Buy","4.999999","9.116458000000002","Up","1770825821","0x6dd9ad309dbb6020996f3ac5e05d34b1602a3bee285a10a55ddd334796aacb10"
"Bitcoin Up or Down - February 11, 10:45AM-11:00AM ET","Buy","4.95","4.9999","Down","1770825551","0x2355db0408f4cf02e6f04d32ed0581dad9e8503481de9a1aca77ee1e05e20050"
"Bitcoin Up or Down - February 11, 10:45AM-11:00AM ET","Buy","4.999998","5.666017","Down","1770825439","0x606a6b442fca52a6b7db9a91a95272e95626639d91134532031a9273a2d76d49"
"Bitcoin Up or Down - February 11, 10:15AM-10:30AM ET","Redeem","5","5","","1770824489","0x4d651a0bc73262d007b5b03ea0a28b3632c4e042f80713a499cc57c6bfed99e2"
"Bitcoin Up or Down - February 11, 10:15AM-10:30AM ET","Buy","1.8975","2.53","Up","1770823467","0x2a4d67f0a24016b30dd896079b71cdaeedb360dc9dace7404f2e6ae355af0069"
"Bitcoin Up or Down - February 11, 10:15AM-10:30AM ET","Buy","1.8525","2.47","Up","1770823467","0x8b399461235f5df910560fef0ca54d7856b69ec5d3f11235a67fb840ceafca6d"
"Bitcoin Up or Down - February 11, 10:00AM-10:15AM ET","Buy","0.09","4.9997","Up","1770822713","0x36c997c1dc8806989f3e94e255fd2f43cc9979f06d8e6e875baef970b9c85605"
"Bitcoin Up or Down - February 11, 9:45AM-10:00AM ET","Buy","0.95","4.9704","Up","1770821645","0xee3194a3e2a6a6374943298323ff04b5e8e3ad1ce223bbe9e18aec66357825f7"
"Bitcoin Up or Down - February 11, 4:45AM-5:00AM ET","Redeem","4.9242","4.9242","","1770806783","0x34766d58c1c3d6a97d03ff37a621d51753988e564eb1297eb2af373d5720c23b"
"Bitcoin Up or Down - February 11, 4:30AM-4:45AM ET","Redeem","5","5","","1770806783","0x34766d58c1c3d6a97d03ff37a621d51753988e564eb1297eb2af373d5720c23b"
"Bitcoin Up or Down - February 11, 4:15AM-4:30AM ET","Redeem","5","5","","1770806783","0x34766d58c1c3d6a97d03ff37a621d51753988e564eb1297eb2af373d5720c23b"
"Bitcoin Up or Down - February 11, 5:15AM-5:30AM ET","Redeem","4.9449","4.9449","","1770806783","0x34766d58c1c3d6a97d03ff37a621d51753988e564eb1297eb2af373d5720c23b"
"Bitcoin Up or Down - February 11, 5:15AM-5:30AM ET","Buy","1.5","4.9449","Up","1770805225","0x1a882f74283d27d0ec65e9a079eea5ee459cf583573272cfd0dd91097403f68f"
"Bitcoin Up or Down - February 11, 4:45AM-5:00AM ET","Buy","2.2","4.9242","Up","1770803533","0x5ad861d34f0141e819198751c4aa276c3d253e6ab9ea51c6f23c7a9bd8f9683d"
"Bitcoin Up or Down - February 11, 4:30AM-4:45AM ET","Buy","2.7","5","Down","1770802581","0x38b2c357d3ec4bb387ad4afe5c3eddb4f49e85d6fbae9bf8f00f2b77df3e59a1"
"Bitcoin Up or Down - February 11, 4:00AM-4:15AM ET","Redeem","4.9229","4.9229","","1770801891","0x241b36ec6658e09222c65e88018e39e30dd93446db44a137dd0900ad3165da4a"
"Bitcoin Up or Down - February 11, 4:15AM-4:30AM ET","Buy","1.75","5","Up","1770801811","0x2df7845277e5e5c2f662694fbafe1db6a1f9358103a50c77b85e2bf28c26a20e"
"Bitcoin Up or Down - February 11, 3:45AM-4:00AM ET","Redeem","4.9235","4.9235","","1770801239","0x3db1d088d086db94b3e43bd015e899c7eccc6ca23c07d18189c2f027840ee585"
"Bitcoin Up or Down - February 11, 4:00AM-4:15AM ET","Buy","2.3","4.9229","Down","1770800769","0x1b521d8b921079bedb4dcd436a851b82ddb7facffb5ee066b8a295b2d437ba0c"
"Bitcoin Up or Down - February 11, 3:45AM-4:00AM ET","Buy","2.75","4.9235","Down","1770799741","0x3d238482478776924e735f8972377e2309ccec21bb0d2c673ae0f29fe5fa25ac"
"Bitcoin Up or Down - February 11, 2:00AM-2:15AM ET","Redeem","4.9222","4.9222","","1770794911","0xa9ecc227758c9a1bc15c4c0f4820904a70e01662139193cffd7e87965a0ad734"
"Bitcoin Up or Down - February 11, 2:00AM-2:15AM ET","Buy","2.6","4.9222","Down","1770793503","0x29967564c3f5849e7de37245dca37da3c6658357ec1a2542a3ce67339fe7863b"
"Bitcoin Up or Down - February 11, 1:45AM-2:00AM ET","Buy","0.45","4.9917","Up","1770792793","0x1d58f2b2d63b297871f66312dde87356b6f04fa77703dbc6b976195768d21994"
"Bitcoin Up or Down - February 11, 1:30AM-1:45AM ET","Buy","1.9","4.9307","Up","1770791751","0x58725cd7beb96ae1669d36496602d4ce21f3a3ac19818bf5db758823dd093f48"
"Bitcoin Up or Down - February 11, 12:45AM-1:00AM ET","Redeem","4.9752","4.9752","","1770789991","0xe602af51d2e19f6b76683e4fe98726c15979a237cdac314e710d314401ad5ffc"
"Bitcoin Up or Down - February 11, 12:45AM-1:00AM ET","Buy","0.85","4.9752","Down","1770789385","0xcea4b5cbe4ffe5c1dbb740297cd941074f3b7bf7aeab5e7b726656e948cb1ca6"
"Bitcoin Up or Down - February 10, 9:30PM-9:45PM ET","Redeem","31.77111","31.77111","","1770778665","0x5a5ff77b13040fa9e6cfdadebf5283a33e7c8a459cd6130a766b966efbf566fe"
"Bitcoin Up or Down - February 10, 9:30PM-9:45PM ET","Buy","9.537","17.34","Down","1770777427","0x7aab4b7e1be5036798f7459157eee72b8a29e9db6d125069c52110a6b816d23d"
"Bitcoin Up or Down - February 10, 9:30PM-9:45PM ET","Buy","6.6","12","Down","1770777425","0x514af475eb9f0c34479799720c6f64fa962a433e74f03ee96fc8193bc9003a4e"
"Bitcoin Up or Down - February 10, 9:30PM-9:45PM ET","Buy","1.337111","2.43111","Down","1770777425","0xb29037e843e7e1eb4aafc5ba430b56ea61c81d4b41c804f132357a7cbb373faa"
"Bitcoin Up or Down - February 10, 9:15PM-9:30PM ET","Buy","3.5222","31.943300000000004","Down","1770776765","0x54496770e96b09c2fab5f85360a2e7eec52cabc1cad74eaaaa159d0ba2d2cc9c"
"Bitcoin Up or Down - February 10, 8:00PM-8:15PM ET","Redeem","0","0","","1770776651","0xb05ae6f307ef958223d0281439348c30358e11fb65cf5dcba243d3002f1b7e98"
"Bitcoin Up or Down - February 10, 9:00PM-9:15PM ET","Buy","2.365","4.3","Up","1770775953","0x5ecdb2783ce608b632acfb7874153d3960d2fb5e2e1023606cda93dd1aba64c5"
"Bitcoin Up or Down - February 10, 9:00PM-9:15PM ET","Buy","18.006388","32.738887","Up","1770775953","0x6ac6db6f78b8cbaf9f5bbe1fd5e9f3241b41669e95a0605f76a6994bac6549b6"
"Bitcoin Up or Down - February 10, 8:45PM-9:00PM ET","Buy","6.594","18.5963","Up","1770774523","0xcde818ca07e92b98cd4e74388a197a99595300824aeb4ecc43b04a17b42c8c56"
"Bitcoin Up or Down - February 10, 8:30PM-8:45PM ET","Buy","6.512","11.84","Down","1770773681","0xcc8c3c108666d710093f132a349adb1234237e3ac74d65730b68939463689f66"
"Bitcoin Up or Down - February 10, 8:00PM-8:15PM ET","Redeem","0","0","","1770773059","0x0927dbe50782646103f78ab563126155846d6a337ff149bf3bf0eb337ee31cc5"
"Bitcoin Up or Down - February 10, 8:00PM-8:15PM ET","Redeem","0","0","","1770773041","0x7d15dc182af8cc421681d06f489876d635d9633f9c0e2f02d33d9c8ca5f0eba2"
"Bitcoin Up or Down - February 10, 8:00PM-8:15PM ET","Redeem","10.4838","10.4838","","1770773011","0x6f1a6eaf14816f0493cb429f959051362eb9be688db92b9a2e4bed19f4b02a8e"
"Bitcoin Up or Down - February 10, 8:00PM-8:15PM ET","Buy","5.2185","10.4838","Up","1770772419","0x98980433bffa796af499ea16d5f5049f8403049ceef201b559123b895b27769a"
"Bitcoin Up or Down - February 10, 1:15PM-1:30PM ET","Buy","4.2822","10.8247","Up","1770747575","0x709a328a00d16027d4a2640e5c3a74c3cc52ac8455123f2e67145309933dd012"
"Bitcoin Up or Down - February 10, 12:45PM-1:00PM ET","Redeem","0","0","","1770746787","0x2cde8f38257fa8d16b550b36ee2e8ace813bc636f70b7b609a3a6b93b9d0e9fb"
"Bitcoin Up or Down - February 10, 12:45PM-1:00PM ET","Redeem","12.4449","12.4449","","1770746743","0xb3a969592f581dcda6b155f708cec5ee403fe7e7d3ed1dd7cadd7e43bd1ff648"
"Bitcoin Up or Down - February 10, 12:45PM-1:00PM ET","Buy","4.7956","12.444899999999999","Up","1770745965","0xa5956fa06862db76d303d72a7d4ef0a22df096e2e295f2f5750a3c554b3c9ab9"
"Bitcoin Up or Down - February 10, 11:45AM-12:00PM ET","Redeem","8.082","8.082","","1770744919","0xf46ba68f2b3157496e74d6e65cbde948d421d1fb6f6fa60e7c6f79460946f620"
"Bitcoin Up or Down - February 10, 11:30AM-11:45AM ET","Redeem","3.8982","3.8982","","1770742499","0xb2b74b5eea605d6249920044af04797a4ae672a4ef1d2baf901236000ea06fab"
"Bitcoin Up or Down - February 10, 11:45AM-12:00PM ET","Buy","3.28","8.081999999999999","Up","1770742263","0x2ee64f6a0e55cf2e7fd92764bfbbb0e46231e34ba4930e0c8ba6ebee34b02f2b"
"Bitcoin Up or Down - February 10, 11:30AM-11:45AM ET","Buy","1.979999","3.482113","Down","1770741315","0x7bd833da354578a2b99bb8ffdda4e4203e94d2cb5a7081cfdc3756b59ca5c6de"
"Bitcoin Up or Down - February 10, 11:30AM-11:45AM ET","Buy","1.98","3.8982","Up","1770741201","0x7147b3972be8bc32be8a5d6e5c6dd764abf5d19ebf391ecbfde59f62c069fd77"
"Bitcoin Up or Down - February 9, 11:00AM-11:15AM ET","Buy","0.558009","1.979798","Up","1770653165","0x8e90671a4acbb6ccc1782e2ca264d064a2673787355aa9496d938c5e0425846d"
"Bitcoin Up or Down - February 9, 2:15AM-2:30AM ET","Redeem","1.356562","1.356562","","1770651353","0x2057595fc799eaa510ef79e7707333947fb8c94727fa01a98873822ffb9e27ee"
"Bitcoin Up or Down - February 9, 2:15AM-2:30AM ET","Buy","0.999999","1.3565619999999998","Down","1770621885","0xa26641da5338728e674b879e62b2ca284237ede5e21c0e5c737cc73fd2ad49a4"
"Bitcoin Up or Down - February 9, 2:00AM-2:15AM ET","Sell","10.60938","10.62","Up","1770621403","0x983aab55db9a21a370d1bc96870655f4f8e25403ae5d945fa3a7fdc86c0d189f"
"Bitcoin Up or Down - February 9, 2:00AM-2:15AM ET","Buy","9.999986","10.629883","Up","1770621227","0xdff52b4693067cb664d9fffcb316920ddcd3981327f84ce9ea9da3a0995badeb"
"Deposited funds","Deposit","107.507824","107.507824","USDC","1770371391","0x74736b41f6edbab3c7d9691fd07678567a5cd3ab2b2ffa911388e445cabc1cb9"